{"Total Loss": 3.046435347733326, "Misclassification Loss": 1.4408715963363647, "Reconstruction Loss": 0.004013909378492403, "_runtime": 193, "_timestamp": 1627668784, "_step": 29}