{"Total Loss": 6.059580948665815, "Misclassification Loss": 1.4053131341934204, "Reconstruction Loss": 0.011635669536180986, "_runtime": 127, "_timestamp": 1627668337, "_step": 18}