{"Total Loss": 3.6972911401876303, "Misclassification Loss": 1.3976175785064697, "Reconstruction Loss": 0.0057491839042029015, "_runtime": 174, "_timestamp": 1627668561, "_step": 26}