{"Total Loss": 1.6419859801672438, "Misclassification Loss": 1.3293834924697876, "Reconstruction Loss": 0.0007815062192436409, "_runtime": 311, "_timestamp": 1627668109, "_step": 49}